Date,S&P 500,FTSE 100
2021-01-05,0.007082595157549276,0.006147370310576772
2021-01-06,0.005709842747752214,0.03472318322491752
2021-01-07,0.014847403800101189,0.0022070035913674957
2021-01-08,0.005491862685268911,0.002377104373268102
2021-01-11,-0.006554750898592476,-0.010882662885807415
2021-01-12,0.0004157884466327033,-0.006530838029528585
2021-01-13,0.0022756417379066196,-0.0012733151022198408
2021-01-14,-0.0037534511943366766,0.008375954339930214
2021-01-15,-0.007190027975370938,-0.009747104482137559
2021-01-20,0.013935625421946263,0.0040816181057277134
2021-01-21,0.0003167233075522802,-0.0037089787493628235
2021-01-22,-0.0030106116552376383,-0.003022873541814741
2021-01-25,0.0036158389430824833,-0.008394227792378195
2021-01-26,-0.0014888337468982327,0.002274487923958457
2021-01-27,-0.025677883699462,-0.013014742659490541
2021-01-28,0.009760625975629766,-0.006273366574882533
2021-01-29,-0.019311475173124593,-0.01818825530325552
2021-02-01,0.016051767614439383,0.009192337470737444
2021-02-02,0.013898223484416938,0.0077787167092029375
2021-02-03,0.0010087690809532646,-0.001365781815680589
2021-02-04,0.010853322230420792,-0.000629953209692613
2021-02-05,0.003897495164625342,-0.0022141842631950848
2021-02-08,0.007399348360373592,0.005270244300902283
2021-02-09,-0.0011135249921484514,0.0012416797204337637
2021-02-10,-0.00034518493235935477,-0.0011023631583145788
2021-02-11,0.0016624551635393559,0.0006591093484635824
2021-02-12,0.0047110331133788375,0.009358617725909513
2021-02-17,-0.0003204020092266724,-0.005630547281758269
2021-02-18,-0.004415835627354592,-0.013962316290625276
2021-02-19,-0.0018548966445751658,0.001027595431118522
2021-02-22,-0.0077328394581538396,-0.0017813714806008685
2021-02-23,0.0012563181187927874,0.0020718832803885423
2021-02-24,0.01135161376597904,0.004995562586833202
2021-02-25,-0.02447880752512621,-0.0010512088902238093
2021-02-26,-0.004750214169902844,-0.025345775354216782
2021-03-01,0.023790763506800205,0.016210645531560708
2021-03-02,-0.008080851690870694,0.003839994640282285
2021-03-03,-0.01306622187199813,0.009329008608450762
2021-03-04,-0.013417213930100202,-0.003685131848737977
2021-03-05,0.01949596819778221,-0.0030672394177156947
2021-03-08,-0.005359231030161227,0.01336250624481572
2021-03-09,0.01415464230382213,0.0016668462842452936
2021-03-10,0.006030313342701321,-0.0006982908886133954
2021-03-11,0.010395487004435822,0.001695001513355221
2021-03-12,0.0010153984958789497,0.003636633516401977
2021-03-15,0.006491921301497117,-0.0017451460012570807
2021-03-16,-0.0015696837343783798,0.007985525398769955
2021-03-17,0.00287938213053085,-0.006011508871287097
2021-03-18,-0.014760539319459198,0.0025137887987083385
2021-03-19,-0.0006027039747036333,-0.010472439481776674
2021-03-22,0.007025118077311765,0.0025936324231492502
2021-03-23,-0.007630854183940605,-0.003999331254841643
2021-03-24,-0.00546733601831495,0.002044976509410157
2021-03-25,0.005240265846959469,-0.005675654070597336
2021-03-26,0.016631202604519668,0.009858017452829104
2021-03-29,-0.0008680126852336212,-0.0006527463845956705
2021-03-30,-0.0031578329337678124,0.005329399558037462
2021-03-31,0.0036224990395776757,-0.008638383833140084
2021-04-01,0.011825201774944727,0.003530104070321949
2021-04-07,0.001475232784985625,0.009042104775812243
2021-04-08,0.0042206328286402695,0.00826403965536282
2021-04-09,0.007719934348738189,-0.003802885235551945
2021-04-12,-0.00019607884876882142,-0.0038606824641096438
2021-04-13,0.0032944868090414303,0.00020320540040152935
2021-04-14,-0.004087726727828533,0.007125767020716989
2021-04-15,0.01109419052516647,0.006325998865349014
2021-04-16,0.0036088195555097347,0.0051550082336937475
2021-04-19,-0.005306560094486046,-0.0027637156982335265
2021-04-20,-0.006802319771775922,-0.020028312932188097
2021-04-21,0.009306055472153574,0.005160410916732916
2021-04-22,-0.009210657476561801,0.006221686052843678
2021-04-23,0.010928696540176919,5.763776375600216e-05
2021-04-26,0.001782270924804541,0.0035309716160578652
2021-04-27,-0.00021489588801437698,-0.002599430914736134
2021-04-28,-0.0008455399168898481,0.002692612715982756
2021-04-29,0.006762806734045723,-0.0003159520442854724
2021-04-30,-0.007194706699326425,0.0011922437244127337
2021-05-05,0.0007034637617677753,0.016769644976265097
2021-05-06,0.008165456466051824,0.005242054131637808
2021-05-07,0.007373341616968343,0.007560554891513638
2021-05-10,-0.010435647322188157,-0.000841550112295697
2021-05-11,-0.00867391280271812,-0.02466417598934234
2021-05-12,-0.021449400664502738,0.008146243185988666
2021-05-13,0.012173141406923493,-0.005896167146297038
2021-05-14,0.014917956876899785,0.011531931012749741
2021-05-17,-0.0025300521932207776,-0.0015191372542657788
2021-05-18,-0.008517292959364653,0.0001848871712673006
2021-05-19,-0.002943411456817757,-0.011941656146775115
2021-05-20,0.010554741756143349,0.010014043828829644
2021-05-21,-0.0007838806801412357,-0.00024213041376408562
2021-05-24,0.009911292190138532,0.004773371643870927
2021-05-25,-0.0021252837802967495,-0.0030915384688356973
2021-05-26,0.0018768165702687245,-0.00041251563690569704
2021-05-27,0.0011653145418315525,-0.0010245922286225007
2021-05-28,0.0007688818911402162,0.0004131091447019397
2021-06-01,-0.0004923335226864056,0.008244795594024135
2021-06-02,0.0014469348384307246,0.003883906503777901
2021-06-03,-0.0036287033416374515,-0.006133947334869161
2021-06-04,0.008834095710505974,0.0006511660891004301
2021-06-07,-0.0007967387044511831,0.001160021970929348
2021-06-08,0.00017502486450582388,0.0025292349869663333
2021-06-09,-0.0018238673194856947,-0.00198730073743536
2021-06-10,0.004652243012262192,0.0010168331185567148
2021-06-11,0.0019484346695590737,0.006475536959876571
2021-06-14,0.0018152018730952513,0.0017661789831613373
2021-06-15,-0.0020116937805257917,0.0036100303612038864
2021-06-16,-0.005390124612855707,0.0017427675148136146
2021-06-17,-0.00043571559205179966,-0.004398065087856673
2021-06-18,-0.013124468779900589,-0.018997945620127243
2021-06-21,0.014002289962720793,0.006384012068044065
2021-06-22,0.005124491902218642,0.003922262730069015
2021-06-23,-0.0010832833431588806,-0.0022425814307123204
2021-06-24,0.005811249724885448,0.005074836636202562
2021-06-25,0.0033305973193167304,0.0036708998110055457
2021-06-28,0.0023149642620619026,-0.00884237844098823
2021-06-29,0.00027733619326086867,0.002064201563162671
2021-06-30,0.0013281596467464851,-0.007068697015343406
2021-07-01,0.0052216268542757405,0.012461839476021419
2021-07-02,0.007500081663913916,-0.0002667139972081234
2021-07-07,0.003358975310182588,0.007055457525843245
2021-07-08,-0.008561024934316985,-0.01682279467032588
2021-07-09,0.011277947808795874,0.012971639310129346
2021-07-12,0.0034511743312370946,0.0004914418972454815
2021-07-13,-0.0035168126585656267,-9.819898403451433e-05
2021-07-14,0.0011649345752446916,-0.004701952234009821
2021-07-15,-0.0032622408541723713,-0.011168799798495832
2021-07-16,-0.007538854211077806,-0.0005561754625997839
2021-07-19,-0.015869512427409305,-0.023358712494310208
2021-07-20,0.015162609437855634,0.005362076418114148
2021-07-21,0.008241819990835397,0.017032117738146058
2021-07-22,0.0020166699583279435,-0.004286755474509074
2021-07-23,0.010145452020822843,0.008510008844461403
2021-07-26,0.0023821998626283314,-0.0003130791852020698
2021-07-27,-0.0047124448070912095,-0.004170553291596324
2021-07-28,-0.0001862618826539153,0.0029302039298819693
2021-07-29,0.004206152980007483,0.008807656675223985
2021-07-30,-0.0054060480514769305,-0.006512785133965915
2021-08-02,-0.001842805614891363,0.007024784493981695
2021-08-03,0.0082034265474622,0.0033890166680432543
2021-08-04,-0.004632387901412294,0.002561282706981638
2021-08-05,0.006005446813494242,-0.0004913039273402031
2021-08-06,0.001675266241764728,0.0003651617453950262
2021-08-09,-0.0009399082741974318,0.0013056022304507309
2021-08-10,0.0009926793341701323,0.004023974888665904
2021-08-11,0.0012757437876824707,0.008253050922531813
2021-08-12,0.004146380281677686,-0.003725696594217842
2021-08-13,0.001607306655808216,0.003545014639884103
2021-08-16,0.002620850702215849,-0.00896285945695785
2021-08-17,-0.00706069881494753,0.0037881042292773337
2021-08-18,-0.010748470745585936,-0.0016432430697632672
2021-08-19,0.0012566922329095842,-0.015398979726244266
2021-08-20,0.008141567655737925,0.0041082888837071785
2021-08-23,0.00852379036424833,0.0029769181205949735
2021-08-24,0.0014957363013194946,0.0023631741014911167
2021-08-25,0.002220118224179668,0.003410184629768054
2021-08-26,-0.005824918819612557,-0.0035104540235006976
2021-08-27,0.008807632480425154,0.00322807017543858
2021-09-01,0.0003116886257619189,0.004227651242227459
2021-09-02,0.002842638410522902,0.0019720968476635292
2021-09-03,-0.0003350311257153127,-0.0035595137212424133
2021-09-08,-0.001318566739775151,-0.007539080633338191
2021-09-09,-0.004605608657393345,-0.010048594840039504
2021-09-10,-0.007722578759925436,0.0007118248143520578
2021-09-13,0.0022764876184568905,0.005576695206005233
2021-09-14,-0.00574663850657553,-0.004852555763876221
2021-09-15,0.008473996979569742,-0.0025021107763470996
2021-09-16,-0.0015511404489350067,0.001567733200313448
2021-09-17,-0.009110872450405094,-0.009092835623443651
2021-09-20,-0.01697731100841482,-0.008573179745429815
2021-09-21,-0.0008123585165593639,0.0111676152242699
2021-09-22,0.009519611195260236,0.014668371629243726
2021-09-23,0.012134715784494876,-0.0007058757191367171
2021-09-24,0.001461009046688222,-0.0038002801077745563
2021-09-27,-0.0027763826213396126,0.001687570352939094
2021-09-28,-0.020364110556098214,-0.00499756564480891
2021-09-29,0.0015691842194003325,0.011397119640194298
2021-09-30,-0.011909714125195148,-0.0030669216355394546
2021-10-01,0.01149147763018199,-0.008368114346452127
2021-10-04,-0.012985898136748442,-0.0022911439189005067
2021-10-05,0.010524514660609219,0.009428055577841876
2021-10-06,0.004102792854185466,-0.011473653642314785
2021-10-07,0.008298280656405366,0.011735459169269324
2021-10-08,-0.0019137230947889883,0.0024865919265681935
2021-10-11,-0.006865763848056816,0.0072298049469339265
2021-10-12,-0.0024167805585421087,-0.0023366364800734285
2021-10-13,0.00302251448379387,0.00162682800724534
2021-10-14,0.01706310194558336,0.009227420598060698
2021-10-15,0.007460210377712606,0.0036488483115049153
2021-10-18,0.00337476955709759,-0.004174757438830556
2021-10-19,0.007393339551406308,0.0019018012276779128
2021-10-20,0.0036640298040166996,0.000775905459819981
2021-10-21,0.002995871849622578,-0.0045410270555981125
2021-10-22,-0.0010725536274130976,0.0019888312528257845
2021-10-25,0.004748196569493546,0.002526123141403769
2021-10-26,0.0018197952535197182,0.007587126107688302
2021-10-27,-0.005051568068462853,-0.003339053072808462
2021-10-28,0.009829281576461124,-0.0005238725531576671
2021-10-29,0.001949334719149265,-0.0016414790459686746
2021-11-01,0.0018000771431341267,0.007046534667826565
2021-11-02,0.0036803630854131963,-0.0018934078950479938
2021-11-03,0.006461279195357994,-0.0035602220046057065
2021-11-04,0.004181942361150437,0.004276510976510606
2021-11-05,0.003732799652949259,0.0033104984930480974
2021-11-08,0.0008877879113036169,-0.0004928939836048585
2021-11-09,-0.003498775895770745,-0.0036162268775542517
2021-11-10,-0.008225823395229703,0.00910093419198521
2021-11-11,0.0005509400447352153,0.005994386914419447
2021-11-12,0.007222656026415475,-0.004915941064516871
2021-11-15,-1.0739820344718431e-05,0.0005443732295160597
2021-11-16,0.003865229864862485,-0.0033868663440060898
2021-11-17,-0.002601625374463401,-0.004886011285314629
2021-11-18,0.0033847802152713324,-0.004827764204736851
2021-11-19,-0.001398665559303236,-0.004465256662589567
2021-11-22,-0.0031971365563219223,0.004416067045862615
2021-11-23,0.001657132912945114,0.0015436834556543655
2021-11-24,0.0022938506357221833,0.0026971815058014492
2021-11-29,0.013200199537034996,0.009369676320272635
2021-11-30,-0.01896131033450521,-0.0071026722925456864
2021-12-01,-0.011815187417889228,0.01546854526701602
2021-12-02,0.01419443613158311,-0.005510064436203943
2021-12-03,-0.008448563730297565,-0.0009679052959596923
2021-12-06,0.011730872577451423,0.01544444954810853
2021-12-07,0.020707080374404274,0.014877715327358265
2021-12-08,0.0030852853123166657,-0.0003406040999552884
2021-12-09,-0.007181080169894716,-0.002194251079474019
2021-12-10,0.009549073338481762,-0.004029339159299594
2021-12-13,-0.009136167611567658,-0.008283263935046858
2021-12-14,-0.0074706775774360246,-0.0017700313715677263
2021-12-15,0.016348464630746795,-0.006621823112804126
2021-12-16,-0.008743415379980468,0.012523051181828837
2021-12-17,-0.010287680637092622,0.0012808589596473574
2021-12-20,-0.01138805785140995,-0.009890081474240087
2021-12-21,0.017777934551572505,0.01380937793050152
2021-12-22,0.010180197220578835,0.006070695530132841
2021-12-23,0.006223699921661829,0.00430412690989157
2021-12-30,-0.0029897555945093135,-0.002385245980383477
2021-12-31,-0.0026261799136575448,-0.0024989868972038476
2022-01-05,-0.019392757790687165,0.0015588800733865593
2022-01-06,-0.0009637690162076495,-0.008846732145424085
2022-01-07,-0.004050216740091761,0.004684299205572895
2022-01-10,-0.0014410312534549607,-0.005343807334871276
2022-01-11,0.009159984668711818,0.006191838994478838
2022-01-12,0.002817754443029452,0.008049268995756753
2022-01-13,-0.0142436152864307,0.001615491441095962
2022-01-14,0.0008199802697488323,-0.0027631119678452887
2022-01-19,-0.009689541868338813,0.0034507506107228636
2022-01-20,-0.01103737849414832,-0.0006192860312720372
2022-01-21,-0.018914821867908604,-0.011984166426334819
2022-01-24,0.002771738943381896,-0.026273988841612805
2022-01-25,-0.012171906253646725,0.010181960573759197
2022-01-26,-0.0014966358477518371,0.013335115605711101
2022-01-27,-0.00538408875771057,0.011312217490350163
2022-01-28,0.024347646888076113,-0.011675431120237167
2022-01-31,0.018885951732779516,-0.00022772200884824123
2022-02-01,0.00686300355780145,0.009565390825501119
2022-02-02,0.00942251544733641,0.006263461946420135
2022-02-03,-0.024391082077444004,-0.007147592682645421
2022-02-04,0.0051569298644233985,-0.0016469958911684568
2022-02-07,-0.0037017126347429485,0.00759673492604418
2022-02-08,0.008401207191663262,-0.0008450389309764272
2022-02-09,0.014517207887505545,0.010083097052083767
2022-02-10,-0.01811572566845976,0.0037941230827276407
2022-02-11,-0.01896945434456343,-0.0014858326584706871
2022-02-14,-0.0038405967262932217,-0.016890732586313795
2022-02-15,0.01576672117072042,0.01026339737707982
2022-02-16,0.0008812077558950637,-0.0006702805558894687
2022-02-17,-0.021173138152195015,-0.008732463248548039
2022-02-18,-0.0071661613961429005,-0.0031575616254750916
2022-02-23,-0.018412122845487655,0.0005337460830712182
2022-02-24,0.014956856067329216,-0.038836012339940384
2022-02-25,0.022372677655603468,0.03919800194255574
2022-02-28,-0.002442603440647617,-0.004165858243207143
2022-03-01,-0.015473503680411893,-0.01717544383164782
2022-03-02,0.018642691757321028,0.013560325733983802
2022-03-03,-0.005254666430088317,-0.025667625821833684
2022-03-04,-0.007934042550334475,-0.03478426391915912
2022-03-07,-0.029518158313449172,-0.003950150601893965
2022-03-08,-0.00723375351819977,0.0006609810555715523
2022-03-09,0.02569824789143582,0.03253831715206279
2022-03-10,-0.004291813651667864,-0.012738689580739648
2022-03-11,-0.012961545123475138,0.007958755225701442
2022-03-14,-0.007421002465963666,0.005296537233287157
2022-03-15,0.021408574170870942,-0.002474428954959307
2022-03-16,0.02238376135718223,0.016165669808192007
2022-03-17,0.01234781757145198,0.012836458832354403
2022-03-18,0.011662294827948783,0.0026268927650963114
2022-03-21,-0.00043466036210393355,0.0050913211928709234
2022-03-22,0.0113041136006502,0.004608767792489754
2022-03-23,-0.012272698789159042,-0.002153369432459473
2022-03-24,0.01434391292056647,0.000911428651649171
2022-03-25,0.005066170567449069,0.0021426467323624188
2022-03-28,0.007144955276586762,-0.0013763536389755915
2022-03-29,0.012256547427530462,0.008590773065034307
2022-03-30,-0.0062937001746978805,0.005505950549318905
2022-03-31,-0.015652540713177343,-0.008325805008858156
2022-04-01,0.0034102225843584133,0.0029537776194286103
2022-04-04,0.008090938687879357,0.0027859218445538403
2022-04-05,-0.012551720801807331,0.007249770955659596
2022-04-06,-0.009716916613271898,-0.003414896743111462
2022-04-07,0.004253385628492534,-0.004731392872794116
2022-04-08,-0.002651026482054286,0.01559896925440607
2022-04-11,-0.01687729010355421,-0.006688783289291345
2022-04-12,-0.003417447717741773,-0.005460484680506306
2022-04-13,0.011174577597236057,0.0005410811130597271
2022-04-14,-0.01214413784439794,0.004696087295991802
2022-04-20,-0.0006184750715809706,0.0036704762793060564
2022-04-21,-0.014752948498371943,-0.0001573160071532964
2022-04-22,-0.027740054250753654,-0.01393547518189564
2022-04-25,0.005697936985382235,-0.018772377473977975
2022-04-26,-0.028146308431003852,0.0007723318626786657
2022-04-27,0.0020980468517017847,0.005334258658295621
2022-04-28,0.02474690007293945,0.01125836249687584
2022-04-29,-0.036284507106413955,0.004714204099372399
2022-05-04,0.02986242108440229,-0.00896668647439014
2022-05-05,-0.035649708609806985,0.0013077740291587148
2022-05-06,-0.0056742248424840325,-0.015379886896116912
2022-05-09,-0.03203710063235676,-0.02318653568020823
2022-05-10,0.0024578974498534745,0.00368595977278674
2022-05-11,-0.01646320750393837,0.014427324550221332
2022-05-12,-0.0012959645058717717,-0.015569550687163591
2022-05-13,0.02386969542307149,0.025562384474258293
2022-05-16,-0.003946400929555671,0.006281794525368367
2022-05-17,0.020169632234863677,0.007180379790304947
2022-05-18,-0.04039526078745259,-0.010680438089289201
2022-05-19,-0.005833781800992588,-0.018203560125039764
2022-05-20,0.00014614176965843662,0.011954455523661922
2022-05-23,0.018555039930923556,0.016698227651386954
2022-05-24,-0.008120797617175213,-0.0038597705934637627
2022-05-25,0.009450764734207695,0.00513065881631003
2022-05-26,0.019883256167224195,0.005596333645621732
2022-05-27,0.02474226295510973,0.002723115695141942
2022-06-01,-0.007482768681131846,-0.009819024592810144
2022-06-07,0.009523393173235029,-0.001222403818248674
2022-06-08,-0.010793945785935621,-0.0007764153258460471
2022-06-09,-0.02379869397635359,-0.015382563504214408
2022-06-10,-0.029110303335524668,-0.021227387063819325
2022-06-13,-0.038768430665237275,-0.0152648029125384
2022-06-14,-0.0037736797459957394,-0.0025395938249069827
2022-06-15,0.014592504858983224,0.011951290760869648
2022-06-16,-0.03251195148816344,-0.031402082301311585
2022-06-17,0.002200865698254617,-0.004073838937189489
2022-06-22,-0.0013015723144006452,-0.008794605987738069
2022-06-23,0.009532217409177868,-0.009690824552807231
2022-06-24,0.03056329358583576,0.026821423643259124
2022-06-27,-0.0029730715337762392,0.006866607665788171
2022-06-28,-0.020143036075892073,0.008969056033508949
2022-06-29,-0.0007117454091590814,-0.0015157027889051156
2022-06-30,-0.008759278267998716,-0.019556090945331728
2022-07-01,0.010553814029047315,-8.363569544234117e-05
2022-07-06,0.0035731642904301975,0.011714440920574942
2022-07-07,0.014964587965241805,0.011438179915412627
2022-07-08,-0.000830271529819071,0.0009876198077372056
2022-07-11,-0.011527461422777274,5.5571319987901546e-05
2022-07-12,-0.009243878717321574,0.001848067769088857
2022-07-13,-0.0044569025122100925,-0.007420352671277497
2022-07-14,-0.00299863390215227,-0.016293122135064397
2022-07-15,0.01920124935943668,0.016932327426858018
2022-07-18,-0.008363571580831342,0.008967760205685238
2022-07-19,0.02762829164595959,0.010120113993578261
2022-07-20,0.005895806193263242,-0.004385784693145656
2022-07-21,0.00986137270919718,0.0008535158899278805
2022-07-22,-0.00933246697634671,0.0008114850895744041
2022-07-25,0.0013151670479691902,0.004109161500884362
2022-07-26,-0.01154320266205866,0.0
2022-07-27,0.026156273782937722,0.0057348304538664685
2022-07-28,0.012133338697180918,-0.00039470762199023124
2022-07-29,0.014207760082581844,0.010632663027097866
2022-08-01,-0.0028230841271976725,-0.0013470916468938388
2022-08-02,-0.006662395550704803,-0.000580004416885771
2022-08-03,0.015638477163140152,0.00493988435489312
2022-08-04,-0.0007773401640558397,0.00032232057171199813
2022-08-05,-0.0016257460597355333,-0.001127791280140511
2022-08-08,-0.0012375507238541195,0.00573943921263842
2022-08-09,-0.004248692893594086,0.0007751915220319816
2022-08-10,0.021290637641290244,0.0025239579405984536
2022-08-11,-0.0007054739583503,-0.005488163841769311
2022-08-12,0.017322368774566943,0.004687981416548581
2022-08-15,0.0039695418998517695,0.0011065729548205283
2022-08-16,0.0018756797165810912,0.0035822593144529957
2022-08-17,-0.007237794954094601,-0.0026937398263942036
2022-08-18,0.002269561170191503,0.0034726972956320434
2022-08-19,-0.012900001139847905,0.0011270369681462
2022-08-22,-0.0214000649197158,-0.0021985719790943437
2022-08-23,-0.0022378626777133093,-0.0060659571817685
2022-08-24,0.0029161604463010526,-0.00221686374911656
2022-08-25,0.014091605518061545,0.001097529988957957
2022-08-26,-0.03368805871951874,-0.007005680609744158
2022-08-31,-0.007817025105971265,-0.010514005286485495
2022-09-01,0.0029962320243361873,-0.01862938849481721
2022-09-02,-0.010736500458081055,0.01856336228754274
2022-09-07,0.018341016392734,-0.008574886101260337
2022-09-08,0.006610721877456038,0.0033574143558119385
2022-09-09,0.015271449816332883,0.012255408050451333
2022-09-12,0.0105842727693497,0.01658253876622018
2022-09-13,-0.0432366134006168,-0.011655305453800335
2022-09-14,0.0033870120853238816,-0.014703705586612159
2022-09-15,-0.011317739184353415,0.0006596255613460222
2022-09-16,-0.007182134089448455,-0.006234451838743826
2022-09-21,-0.017116493600784488,0.006242426505279841
2022-09-22,-0.00842758097968943,-0.010790883248929628
2022-09-23,-0.017232619015461026,-0.019680131621446995
2022-09-26,-0.010340526208282075,0.00034193461806597547
2022-09-27,-0.0021203598092424114,-0.005184432750854562
2022-09-28,0.019672139926234733,0.0029779521227677463
2022-09-29,-0.021126437880238824,-0.017672053903172724
2022-09-30,-0.015066695771983274,0.0017728009268374034
2022-10-03,0.025883894952576147,0.002175868233046163
2022-10-04,0.030583700679551518,0.02572084882122838
2022-10-05,-0.002017948757084831,-0.0047837299574895464
2022-10-06,-0.010245080846639998,-0.007841121317388677
2022-10-07,-0.028003617786773516,-0.0008860142060936882
2022-10-10,-0.00749246363390188,-0.004548682256661052
2022-10-11,-0.006519175777754405,-0.010647566774618533
2022-10-12,-0.0032907731480149582,-0.008569104503332814
2022-10-13,0.02596564246086497,0.003530457455898972
2022-10-14,-0.02366266361565439,0.0012408216052359755
2022-10-17,0.026480052302171098,0.008952060473180312
2022-10-18,0.011427569666488724,0.002384324085187073
2022-10-19,-0.0066720972934503076,-0.0016867090955446917
2022-10-20,-0.007950909706564868,0.0027292277752708483
2022-10-21,0.02372481982226482,0.003715533537579141
2022-10-24,0.011881976654619875,0.006356055991804999
2022-10-25,0.016266654579669915,-7.128599942973768e-05
2022-10-26,-0.007387716072364547,0.006074014066621558
2022-10-27,-0.006082610618211248,0.0024943095212177635
2022-10-28,0.024626377895927698,-0.0036755869321729584
2022-10-31,-0.00745440410765752,0.006640436367969738
2022-11-01,-0.004101230608784645,0.012925533203537842
2022-11-02,-0.02500198485734284,-0.005858464350006809
2022-11-03,-0.010585992315429671,0.006228916083440561
2022-11-04,0.013618724670070526,0.020337715973227644
2022-11-07,0.009613981920559844,-0.004744479142465563
2022-11-08,0.005597892802462701,0.0008356298159246656
2022-11-09,-0.02077788695478977,-0.0013413849848421533
2022-11-10,0.05543448436034493,0.01082740596120324
2022-11-11,0.009240746788147902,-0.0077691492149352115
2022-11-14,-0.008935777048800997,0.009182863529994645
2022-11-15,0.008713116550319144,-0.0021394535761912747
2022-11-16,-0.008252046497990273,-0.0024696321644129826
2022-11-17,-0.0030893228355314273,-0.0006393779502151808
2022-11-18,0.00475858190881473,0.0053086503777308724
2022-11-21,-0.003883688698329779,-0.0011644570653646102
2022-11-22,0.013579987927526016,0.010288861628668045
2022-11-23,0.0059146891478476515,0.0016638566646054453
2022-11-28,-0.015444192913123267,-0.0016963675559563685
2022-11-29,-0.0015918653377758885,0.005084292213004993
2022-11-30,0.030947872397389053,0.008133665822184444
2022-12-01,-0.0008676332180498347,-0.0019278891692938727
2022-12-02,-0.001194660488065602,-0.0003042673397499751
2022-12-05,-0.017894212283564803,0.001495434794661632
2022-12-06,-0.014399194981406072,-0.006091853010406378
2022-12-07,-0.0018623708845491027,-0.004281078981216768
2022-12-08,0.00752178195750397,-0.002269935314406557
2022-12-09,-0.007349578247904498,0.0005888362501997868
2022-12-12,0.014279296218109305,-0.004092782448782084
2022-12-13,0.0072896644387934195,0.007641673696447748
2022-12-14,-0.006052724634100337,-0.0009329725960776081
2022-12-15,-0.024921675023714007,-0.009298377504942001
2022-12-16,-0.011137750774080746,-0.012671365594971062
2022-12-19,-0.009007516001852345,0.003982447953838397
2022-12-20,0.0010373383615349674,0.001263403640051175
2022-12-21,0.014867993802734736,0.01718987672001626
2022-12-22,-0.01445169956861636,-0.0037346779146398834
2022-12-23,0.005868102525282026,0.0004953871727277903
2022-12-29,0.01746133164481911,0.0020674384565175785
2022-12-30,-0.0025407424823445934,-0.008119583959714016
2023-01-03,-0.004000548879248611,0.013741817257780342
2023-01-04,0.007538970575044379,0.004116982467031294
2023-01-05,-0.011645528874622113,0.006367637431289985
2023-01-06,0.02284078102943865,0.008646099430143384
2023-01-09,-0.0007676325452631305,0.0032989028305410173
2023-01-10,0.006978233159061986,-0.003935313431637666
2023-01-11,0.012849424614881588,0.003963870296965322
2023-01-12,0.0034159058663651987,0.008932038834951417
2023-01-13,0.003996858363534361,0.006428034084712708
2023-01-18,-0.015562598500411085,-0.0025856330005731287
2023-01-19,-0.007638350296294338,-0.010650438472273982
2023-01-20,0.018918401045981525,0.003007537278298278
2023-01-23,0.01188134498366522,0.001814544240991589
2023-01-24,-0.0007115031258156934,-0.003506916423729245
2023-01-25,-0.0001817250594663422,-0.0016113646527651238
2023-01-26,0.011007853469181317,0.002091724298153519
2023-01-27,0.002494840970949097,0.0005282882071691031
2023-01-30,-0.012968740984683369,0.0025369219769943996
2023-01-31,0.014642470285510134,-0.0016955525693113094
2023-02-01,0.010452303944590291,-0.001363935482565748
2023-02-02,0.014699373244309921,0.007614912436717303
2023-02-03,-0.010354610691310495,0.010434465529912007
2023-02-06,-0.006140463017754394,-0.008238579941797775
2023-02-07,0.01287251059802652,0.003572932395289108
2023-02-08,-0.011080724476164705,0.0026065837846200868
2023-02-09,-0.00882979617773516,0.0032973164099823205
2023-02-10,0.0021952617756952897,-0.003627792825860343
2023-02-13,0.011448609342766147,0.008258813530764408
2023-02-14,-0.0002804145319874607,0.0007926675487053281
2023-02-15,0.002773175690496066,0.005519292785016505
2023-02-16,-0.013788741489130674,0.0018380299171634196
2023-02-17,-0.002767405825327751,-0.0010109326248050055
2023-02-22,-0.0015735561458868341,-0.005916381481961608
2023-02-23,0.005329429416074394,-0.0028875371424310625
2023-02-24,-0.010537551485558128,-0.0036673115170945403
2023-02-27,0.0030730045671669703,0.007158528811301412
2023-02-28,-0.0030360018281855305,-0.00741015138373835
2023-03-01,-0.004725264845680033,0.004900790804494015
2023-03-02,0.0075821940867943916,0.003676622321860723
2023-03-03,0.0161477371607488,0.00039024391443232
2023-03-06,0.0006871667698291617,-0.0021769315544235557
2023-03-07,-0.015326919115337678,-0.0012988732302436912
2023-03-08,0.0014147940136839399,0.0013132018869561612
2023-03-09,-0.01845935787384867,-0.006292627013993135
2023-03-10,-0.01447813845705137,-0.016700520007138286
2023-03-13,-0.001509761003189447,-0.025785943834295888
2023-03-14,0.016476655480623936,0.011724028144963983
2023-03-15,-0.00698088356543769,-0.03831298449866405
2023-03-16,0.017562006217166637,0.008918238137381795
2023-03-17,-0.011019457310067593,-0.010067489562247012
2023-03-20,0.008918403718310097,0.009338277518873062
2023-03-21,0.012982193897784988,0.017869000758217846
2023-03-22,-0.01646322377571363,0.0040603498556253115
2023-03-23,0.0029845287333754023,-0.008880862288654812
2023-03-24,0.005639807253104534,-0.012547348716054563
2023-03-27,0.0016469543057482383,0.008952778973398079
2023-03-28,-0.0015738434957162095,0.001672957028661104
2023-03-29,0.014237268879836451,0.010689042674358884
2023-03-30,0.005715269388667954,0.0074164296900931515
2023-03-31,0.014436542471763847,0.001482900256359887
2023-04-03,0.0036988464765423945,0.005411612567389312
2023-04-04,-0.005796972083329965,-0.0050175941613449515
2023-04-05,-0.002492370531228194,0.003719942673881649
2023-04-06,0.0035791630944272956,0.010270288835226626
2023-04-12,-0.004134884052006904,0.005021977265261324
2023-04-13,0.01326268999363811,0.002377070100261003
2023-04-14,-0.0020693734728036706,0.003633628318694182
2023-04-17,0.00330615690296554,0.0009654718366003401
2023-04-18,0.0008552202959737354,0.003794644627673094
2023-04-19,-8.42619976980652e-05,-0.001340189873710762
2023-04-20,-0.00595254815297297,0.0004811228367245235
2023-04-21,0.0009031888869577287,0.0014552172522825924
2023-04-24,0.0008515791660903549,-0.0002400654932722679
2023-04-25,-0.015810858882773227,-0.0026667800530060237
2023-04-26,-0.003841187197329843,-0.004878914159438308
2023-04-27,0.01956614972249704,-0.0026742734557777537
2023-04-28,0.008253202753460531,0.004979825260954307
2023-05-03,-0.006998305064656485,0.0019812044697993247
2023-05-04,-0.007218732334382416,-0.01101635840009707
2023-05-05,0.018474751389515376,0.009840807484029268
2023-05-10,0.004483965263404999,-0.002936630476419677
2023-05-11,-0.0016966239932159066,-0.0013821589786215949
2023-05-12,-0.0015833068345566526,0.0031045455329239413
2023-05-15,0.0029581644391338813,0.002978889609437374
2023-05-16,-0.006377683373153031,-0.003420046670387422
2023-05-17,0.011890829058788244,-0.0035994764604041496
2023-05-18,0.009445048649426635,0.0024730175176077562
2023-05-19,-0.0014458676054706077,0.001885757207104044
2023-05-22,0.0001550346964389604,0.0018177490793698237
2023-05-23,-0.011222026747550129,-0.0010294685368678058
2023-05-24,-0.007318600335353365,-0.01750610618881232
2023-05-25,0.008757581265902425,-0.007368487969597992
2023-05-26,0.01304908677799732,0.007436406991898181
2023-05-30,1.660326849850513e-05,-0.013779643245871775
2023-05-31,-0.006108624209833935,-0.010103561374260384
2023-06-01,0.009854453563032717,0.005935953915682912
2023-06-02,0.014534424705965554,0.01562020253538865
2023-06-05,-0.0020035816359177394,-0.0009595789406120492
2023-06-06,0.0023538963079141606,0.0036973812705591858
2023-06-07,-0.0038120096998572883,-0.0004981965260153487
2023-06-08,0.0061886426142414575,-0.003226474562277315
2023-06-09,0.001148059539441082,-0.004908126901079224
2023-06-12,0.009321148810237156,0.0010975739283738406
2023-06-13,0.006932489951473775,0.0031832735088257458
2023-06-14,0.0008194255259321714,0.0010402368499724535
2023-06-15,0.01217813742034668,0.003367173335439899
2023-06-16,-0.0036716195284263176,0.0018877588707448822
2023-06-21,-0.005245281583003636,-0.001334285817130132
2023-06-22,0.003710798414438443,-0.00756696394255707
2023-06-23,-0.007658808766684566,-0.005345254286357015
2023-06-26,-0.004486838293256468,-0.0011122910781600215
2023-06-27,0.011455854954693034,0.0010598774069237038
2023-06-28,-0.00035407668843834283,0.005226831066139415
2023-06-29,0.004473544672805918,-0.0038397179771348933
2023-06-30,0.012269004495714109,0.008003506982924291
2023-07-03,0.0011706778016009611,-0.0005576837698333392
2023-07-06,-0.007922511336500904,-0.021714313908132277
2023-07-07,-0.0028651005386203243,-0.0032415490222168497
2023-07-10,0.002405026057131332,0.002328804664687656
2023-07-11,0.0067422110558885695,0.0011961004627722982
2023-07-12,0.007411233485312474,0.018345361847751374
2023-07-13,0.008470153458069118,0.003249699618248947
2023-07-14,-0.0010244071333035398,-0.0007526810447624488
2023-07-17,0.0038553825145495324,-0.003793101840324997
2023-07-18,0.007117275205842377,0.006386408186490389
2023-07-19,0.002357910335732072,0.018044728990385783
2023-07-20,-0.006756896218903741,0.007630254981875195
2023-07-21,0.0003240945218980773,0.002301839817875795
2023-07-24,0.004034153877153557,0.0019442178013258093
2023-07-25,0.002814673351556163,0.0017190251951366697
2023-07-26,-0.00015543889679858758,-0.0019371152034755035
2023-07-27,-0.006424666064487883,0.002071135816020808
2023-07-28,0.009877842794752345,0.00019498752574920175
2023-07-31,0.0014687129405193122,0.000662841036314088
2023-08-01,-0.002665087639215691,-0.004299049026687651
2023-08-02,-0.013839541336347905,-0.013657137041161893
2023-08-03,-0.0025479738404268204,-0.0042847944780619596
2023-08-04,-0.005300074155050516,0.004675092455791674
2023-08-07,0.00902409277936278,-0.0013087492030507963
2023-08-08,-0.004218283044793103,-0.0035872787949235985
2023-08-09,-0.007038730380597102,0.00795758204969288
2023-08-10,0.00025071394456976925,0.004125353389807129
2023-08-11,-0.0010696923700230787,-0.012390714978305573
2023-08-14,0.005750475751703066,-0.0022593763534615174
2023-08-15,-0.011550909428841738,-0.01566497423762314
2023-08-16,-0.007555395210577687,-0.004425164404075366
2023-08-17,-0.007712913029036983,-0.0063477426159315176
2023-08-18,-0.00014870682600087726,-0.006538848689725429
2023-08-21,0.006879188518795987,-0.0006334128825328245
2023-08-22,-0.002777466728829614,0.0017911764377414041
2023-08-23,0.011044879965972587,0.00683558846998622
2023-08-24,-0.013457974663146133,0.0017895085931629584
2023-08-25,0.006717966037625089,0.0006817933802523157
2023-08-30,0.003833182103508026,0.0011654648777628118
2023-08-31,-0.0015969365120942491,-0.004629580629679442
2023-09-01,0.0017991292600010311,0.003414378353606473
2023-09-06,-0.006971599351452862,-0.0015864430608674152
2023-09-07,-0.0032112659361860363,0.002100712009143635
2023-09-08,0.0014266227216406246,0.004904793130874996
2023-09-11,0.006723453106275201,0.002500562507402604
2023-09-12,-0.005695885604828921,0.00408170017672016
2023-09-13,0.0012416323054647016,-0.00019926934573233357
2023-09-14,0.00842991886716793,0.019545588314675788
2023-09-15,-0.012159612938677844,0.00499143816711034
2023-09-18,0.0007212876971294246,-0.0075861712193423525
2023-09-19,-0.002151010615372817,0.0009539250561103607
2023-09-20,-0.0093947947580596,0.009333959710837947
2023-09-21,-0.01640093410321941,-0.006867842300512739
2023-09-22,-0.002295598477193961,0.0006902045451120387
2023-09-25,0.0040230650909416354,-0.007795507893781806
2023-09-26,-0.014734533990868215,0.00022300568107302965
2023-09-27,0.00022931406074522265,-0.004261903716065052
2023-09-28,0.005893173970516585,0.0011457233850651338
2023-09-29,-0.002709582086142026,0.0008156112803574533
2023-10-02,7.936755559079245e-05,-0.012802132082062823
2023-10-03,-0.013744071674259506,-0.0053923068351572345
2023-10-04,0.008109754957160709,-0.007724049396789501
2023-10-05,-0.001304030159777203,0.005261382799325531
2023-10-06,0.011814893014644445,0.005784083426994657
2023-10-09,0.00630385429964031,-0.0003202175316199263
2023-10-10,0.005207990781392224,0.01815221116022614
2023-10-11,0.00429300817103373,-0.0010749842823395417
2023-10-12,-0.00624643434611849,0.0032545675442914312
2023-10-13,-0.005018858888767519,-0.0059124775253807105
2023-10-16,0.01059436938392988,0.004079162008743031
2023-10-17,-9.824505308242415e-05,0.005844900412216525
2023-10-18,-0.013399820506516447,-0.011361292616934748
2023-10-19,-0.008482848196321058,-0.011663152345809169
2023-10-20,-0.012585283719027562,-0.012987519480465393
2023-10-23,-0.0016855698941634634,-0.0036881820846214053
2023-10-24,0.007265792222727274,0.0020204467944375804
2023-10-25,-0.014339628627712542,0.0033289049250744274
2023-10-26,-0.011832519778109618,-0.008051968305018642
2023-10-27,-0.004800280229768528,-0.008606898013247877
2023-10-30,0.012010022325859904,0.004951119638921142
2023-10-31,0.006474957307233353,-0.0007778621485401427
2023-11-01,0.010505999486313922,0.0028271721702701758
2023-11-02,0.01885855702012762,0.014177938962847803
2023-11-03,0.009393730253031363,-0.0038675625713422424
2023-11-06,0.0017529924220356374,1.3428606222554151e-05
2023-11-07,0.0028401189192852616,-0.00105149840827079
2023-11-08,0.0010049156221052513,-0.001120081604251033
2023-11-09,-0.008083839306732843,0.007295621083679871
2023-11-10,0.015616441094852496,-0.012755354314815448
2023-11-13,-0.0008358389332403515,0.00885793361495213
2023-11-14,0.019075017703661823,0.001979611045159091
2023-11-15,0.0015970120755575135,0.006236126919393792
2023-11-16,0.0011904273935798848,-0.010137694283850363
2023-11-17,0.0012820490603360213,0.012589367789434647
2023-11-20,0.007390278097329839,-0.0010527167822926842
2023-11-21,-0.0020209310950652926,-0.001920909040518004
2023-11-22,0.00406112922094648,-0.0016706762897621408
2023-11-27,-0.001954157460090089,-0.003672444550456122
2023-11-28,0.0009801185306033133,-0.0007371962223405859
2023-11-29,-0.0009462486392383118,-0.004252091759042509
2023-11-30,0.0037840728581564065,0.004081606343032229
2023-12-01,0.005873742123607695,0.01014249102970366
2023-12-04,-0.005408509126972105,-0.002178115461584751
2023-12-05,-0.0005688697261614362,-0.003088006829828349
2023-12-06,-0.003906202808869552,0.003417994916263156
2023-12-07,0.007968189065892917,-0.00022616321863588862
2023-12-08,0.00409549786994079,0.005430054916611304
2023-12-11,0.003924494286698943,-0.0012707786956449585
2023-12-12,0.00459935752021523,-0.0002783466558115011
2023-12-13,0.013650676351045998,0.0007424428330671251
2023-12-14,0.0026470624846992585,0.013327340755358463
2023-12-15,-7.62494933082003e-05,-0.009491449556314535
2023-12-18,0.004528344366900416,0.00502878651435279
2023-12-19,0.005866407818910568,0.0030862170858230176
2023-12-20,-0.014684266911006771,0.010172845681133857
2023-12-21,0.010301467821202559,-0.0027217231707316047
2023-12-22,0.0016600585268868873,0.0003638614392287298
2023-12-28,0.0003701746080437829,-0.00029770934466022414
2023-12-29,-0.0028264750133749628,0.0013596280749541556
2024-01-02,-0.005660579005492328,-0.001512982338100044
2024-01-03,-0.008016314922730805,-0.005076759089878924
2024-01-04,-0.0034283812973570083,0.005310947763826457
2024-01-05,0.0018256861788026324,-0.004337636386477328
2024-01-08,0.014114629309846638,0.0005982232623062966
2024-01-09,-0.0014779006799081618,-0.0013256992349528485
2024-01-10,0.00566597189372442,-0.004190551185905833
2024-01-11,-0.0006710555783868699,-0.00982771491031198
2024-01-12,0.0007509755941104146,0.0063748652515580595
2024-01-17,-0.005616897183990499,-0.01481814732071618
2024-01-18,0.008805260963896,0.0017190139135536686
2024-01-19,0.012313502764936146,0.00037535421845058536
2024-01-22,0.0021943252026270788,0.0034576037344919985
2024-01-23,0.002921374261968035,-0.000267104711437538
2024-01-24,0.0008119284117831249,0.005610697583948054
2024-01-25,0.005260365527706368,0.00026568539502225264
2024-01-26,-0.0006517852510764532,0.01399788831026294
2024-01-29,0.007556774896180896,-0.0003143249352404176
2024-01-30,-0.0006006499345398986,0.0044020606751506985
2024-01-31,-0.016105744611597972,-0.004656706356490514
2024-02-01,0.012493688211609788,-0.0011008180531345557
2024-02-02,0.01068444607751462,-0.0008790369107098961
2024-02-05,-0.0031863375266721894,-0.0003414217919046614
2024-02-06,0.0023104108269635937,0.008945355715932246
2024-02-07,0.008241457963390042,-0.00679601553345921
2024-02-08,0.0005705832608251526,-0.004365012261435819
2024-02-09,0.0057423415255595245,-0.003014930201270527
2024-02-12,-0.0009489536011326738,0.0001452734387215049
2024-02-13,-0.013674255653625456,-0.008107053229147065
2024-02-14,0.009579763275017639,0.007467766078936844
2024-02-15,0.005821250684729495,0.0038449471528636536
2024-02-16,-0.0048034698371121065,0.015031285990457333
2024-02-21,0.001264199922982101,-0.007345345874943288
2024-02-22,0.02112288421741404,0.0028711256117455175
2024-02-23,0.0003479475462115911,0.0028368540162013733
2024-02-26,-0.003786751350190576,-0.002854807178228169
2024-02-27,0.0017063496993998672,-0.0001691506995480374
2024-02-28,-0.001658155060430544,-0.007549134452687789
2024-02-29,0.005229094697149161,0.0006557377049181135
2024-03-01,0.00800782894888763,0.006880733944954143
2024-03-04,-0.0011932620709189656,-0.005493029002603289
2024-03-05,-0.010193100883444606,0.0007722721327478865
2024-03-06,0.005141103203274655,0.004328896514544711
2024-03-07,0.010304127925951478,0.0017189321485329145
2024-03-08,-0.0065285190034379825,-0.004263868012674643
2024-03-11,-0.001122238087346461,0.0012402574197112326
2024-03-12,0.011201787981366396,0.01024873616195876
2024-03-13,-0.0019245297153407392,0.0031493315831725432
2024-03-14,-0.0028710915621273925,-0.00373124717213158
2024-03-15,-0.006482917484461503,-0.0020405378358052673
2024-03-18,0.006318059504952345,-0.0006211409721456063
2024-03-19,0.0056491496501236416,0.002032956107103745
2024-03-20,0.008904173912846591,-0.00011629199778551147
2024-03-21,0.0032365354015160275,0.018766019224173425
2024-03-22,-0.0014021878490156903,0.0061273950332532134
2024-03-25,-0.0030549644525015296,-0.0016769603514438236
2024-03-26,-0.002799795225030266,0.0016924196951695336
2024-03-27,0.008630626525532925,0.00012608750472820063
2024-03-28,0.0011164855071790214,0.002597087450359359
2024-04-03,0.001091122364688113,0.00028982680233347047
2024-04-04,-0.012334336350379616,0.0048504548685561755
2024-04-05,0.011099194174331695,-0.008111900578420927
2024-04-08,-0.00037463099831791524,0.004082794505268383
2024-04-09,0.0014454931932483817,-0.0010952596855919872
2024-04-10,-0.009456980649108493,0.0033271653066033746
2024-04-11,0.007444797710585593,-0.004697833204473478
2024-04-12,-0.01455068829580164,0.009061346164535244
2024-04-15,-0.01202135494776202,-0.0037645826815517758
2024-04-16,-0.0020565070133361507,-0.0182160690046137
2024-04-17,-0.005780602724641426,0.003529243772812496
2024-04-18,-0.002208160119998248,0.003707963513793322
2024-04-19,-0.00875854812743615,0.0023866403186998397
2024-04-22,0.008731248071466746,0.016210945121278186
2024-04-23,0.011964576270872662,0.002604706264798473
2024-04-24,0.0002130100613548791,-0.000546925026174816
2024-04-25,-0.004576430353515626,0.0047883190472624015
2024-04-26,0.01020914263474304,0.007538142950141324
2024-04-29,0.0031784486665891176,0.0008845666337338187
2024-04-30,-0.01573051358686217,-0.0003559472620289217
2024-05-01,-0.0034354388154940185,-0.0028118394996570206
2024-05-02,0.009128437077573048,0.006279859968165491
2024-05-03,0.012556739721478527,0.005053694684473031
2024-05-08,-5.835618166138978e-06,0.0048593782688095555
2024-05-09,0.005090947698625836,0.0032679501713581693
2024-05-10,0.001649398844549843,0.006251868616265144
2024-05-13,-0.00024130405535727206,-0.0022291025543493825
2024-05-14,0.004837813139759728,0.0015566974896019659
2024-05-15,0.011715927882596233,0.0021001407354999113
2024-05-16,-0.0020816677921287052,-0.0008406082951504246
2024-05-17,0.0011647735102702228,-0.0021804768742964553
2024-05-20,0.0009163899374069473,0.00046321279710603847
2024-05-21,0.002501874243978186,-0.0009140565435261649
2024-05-22,-0.002706123039226127,-0.0054892408141745674
2024-05-23,-0.0073807894850155265,-0.003715471381035118
2024-05-24,0.0070010425881694704,-0.0025902467181015965
2024-05-28,0.0002488018529340774,-0.007622320986819364
2024-05-29,-0.007367046509680453,-0.008613808239910092
2024-05-30,-0.005975035585443322,0.005865687960055377
2024-05-31,0.00802787620486467,0.0053821218734302345
2024-06-03,0.0011160825806737495,-0.0015226557438567934
2024-06-04,0.0015028090913065117,-0.003727526433597861
2024-06-05,0.011847649793331305,0.0018221574344023939
2024-06-06,-0.00019981663563317653,0.004644089327937362
2024-06-07,-0.0011152197300303701,-0.00481568742267191
2024-06-10,0.0025808546645145203,-0.0020496749489831156
2024-06-11,0.0027103813151374556,-0.009807400536245958
2024-06-12,0.008503672791998707,0.008309015554549104
2024-06-13,0.0023446558536817097,-0.006305131116487117
2024-06-14,-0.000393860697500914,-0.002057926254861342
2024-06-17,0.007664386564552705,-0.0005768705995636836
2024-06-18,0.0025213273947457537,0.006030263098083299
2024-06-21,-0.001562130321101196,-0.0042066853656693715
2024-06-24,-0.003065171894990004,0.005329086155317908
2024-06-25,0.003933590015736899,-0.004081313548319532
2024-06-26,0.0015724312002203256,-0.0027280002585916563
2024-06-27,0.0009073212238914774,-0.005543823381247814
2024-06-28,-0.004083652583445674,-0.001907172302621829
2024-07-01,0.0026755639309195,0.0003306802953120247
2024-07-02,0.006195317856513505,-0.005583534611541152
2024-07-03,0.005084444409779065,0.006144399983213367
2024-07-08,0.0010166989647510949,-0.0012677373114969859
2024-07-09,0.0007410719362856977,-0.006553999549948175
2024-07-10,0.010208065293514812,0.00659723784380728
2024-07-11,-0.008763028841120457,0.003637005515042313
2024-07-12,0.0055170270744306915,0.0035995995087796384
2024-07-15,0.0028262026252154904,-0.008469796958219034
2024-07-16,0.006389375498743188,-0.002211914659202008
2024-07-17,-0.013927543241993745,0.002767957712471514
2024-07-18,-0.007816403936922511,0.0021252385496182136
2024-07-19,-0.007140265531926926,-0.00599644029423152
2024-07-22,0.01079203564940956,0.005284599524608691
2024-07-23,-0.001558102589770738,-0.003829816935620012
2024-07-24,-0.02314909375473495,-0.0016773645462515585
2024-07-25,-0.005142620237842288,0.004010413217062858
2024-07-26,0.011090468702846357,0.012129909869211364
2024-07-29,0.0008133101292933098,0.0008086456370084427
2024-07-30,-0.004960171878030217,-0.0021706621909320933
2024-07-31,0.0157933986591674,0.011311950710174656
2024-08-01,-0.013693502993456064,-0.010109895957815529
2024-08-02,-0.018381860868696753,-0.013122653763727898
2024-08-05,-0.02996879838863975,-0.020367719429695286
2024-08-06,0.010354085880061037,0.0023101320582405993
2024-08-07,-0.007734647858502863,0.017466667948196735
2024-08-08,0.023042611519136447,-0.0026815441116726513
2024-08-09,0.004671676849538509,0.0028361077539902357
2024-08-12,4.303397765514916e-05,0.00516640424660797
2024-08-13,0.016847579753558328,0.003032823553018593
2024-08-14,0.0038237284285767004,0.005573563844704754
2024-08-15,0.016133247764330783,0.00800627747249183
2024-08-16,0.001989779357261412,-0.004312719926605091
2024-08-19,0.009722284736913167,0.005474408386259677
2024-08-20,-0.0019845553982971165,-0.010003779156119386
2024-08-21,0.004239676828782013,0.001220865455858089
2024-08-22,-0.008932805548120926,0.0005552803387611771
2024-08-23,0.01148337085011919,0.004802099986426223
2024-08-28,-0.00597597320797616,-0.0001916732820083089
2024-08-29,-3.937906806072977e-05,0.004278480935619777
2024-08-30,0.010093051774424433,-0.00035801233231280705
2024-09-04,-0.0016025435809103872,-0.003482604160390479
2024-09-05,-0.003018017615584734,-0.003373732149120179
2024-09-06,-0.01726024985928465,-0.007304341808834436
2024-09-09,0.0115800702824842,0.010914845039112553
2024-09-10,0.004472672652839682,-0.007834768851589735
2024-09-11,0.010665025888896507,-0.0014744832287351128
2024-09-12,0.007495302358939249,0.005748130576360033
2024-09-13,0.005407711405364557,0.003895110954374559
2024-09-16,0.0012566297656613212,0.0006407249398996395
2024-09-17,0.00026455008109871336,0.003805082928300063
2024-09-18,-0.002896455862498093,-0.00676304079118728
2024-09-19,0.01697685316676334,0.009086833568608954
2024-09-20,-0.0019410273951238066,-0.011850612100078872
2024-09-23,0.0028092730585327352,0.0036087722129405364
2024-09-24,0.0025111788443470395,0.0027966643859675955
2024-09-25,-0.0018612489301417234,-0.0017022757651369291
2024-09-26,0.00403867571712313,0.0019592190948807264
2024-09-27,-0.0012532169669905446,0.004333113540281319
2024-09-30,0.004236552581176722,-0.010071123768690127
2024-10-01,-0.009324107094664358,0.004819739627595077
2024-10-02,0.00013839090212397487,0.0017156831801812267
2024-10-03,-0.001681413492255035,-0.0010132060728288428
2024-10-04,0.008970249395274354,-0.00022944649864176103
2024-10-07,-0.009586022165882668,0.002777576635146106
2024-10-08,0.009689347495581924,-0.013608497162022393
2024-10-09,0.007113411987488272,0.006483053381088011
2024-10-10,-0.002070122839989974,-0.0007278285063558876
2024-10-11,0.006051847587953629,0.0019422896707390613
2024-10-14,0.0077076668832223305,0.0047251534556767005
2024-10-15,-0.007609466332438197,-0.0052335656182931345
2024-10-16,0.004679145956573816,0.009673524611404583
2024-10-17,-0.00017116047891174713,0.0067234158103917085
2024-10-18,0.00397155273894878,-0.003196122399969581
2024-10-21,-0.0018227694906369774,-0.004797579688695985
2024-10-22,-0.0004748538883844189,-0.0014065777497268561
2024-10-23,-0.009191323428069387,-0.005766615376512352
2024-10-24,0.002145772011323821,0.0013078223622489116
2024-10-25,-0.00029944716993013376,-0.002491182548235882
2024-10-28,0.0026514435020339455,0.004461231398365184
2024-10-29,0.001614127248163344,-0.00796562748763796
2024-10-30,-0.003300233889343751,-0.007299566228300969
2024-10-31,-0.018614700871699585,-0.006066473774152037
2024-11-01,0.004092509543626166,0.008273646052240569
2024-11-04,-0.002812083478299976,0.0008560387214211485
2024-11-05,0.012265644545291332,-0.00144183825995714
2024-11-06,0.025295927786425976,-0.0006974336913707635
2024-11-07,0.007431229727488331,-0.0031836603987156487
2024-11-08,0.0037568333092317108,-0.008389977683747385
2024-11-11,0.0009690634297987444,0.006540842080112963
2024-11-12,-0.00289265965137242,-0.012233592802100457
2024-11-13,0.00023222772482434095,0.0005606917826896929
2024-11-14,-0.006049734794859041,0.005093258236899878
2024-11-15,-0.013203489851361216,-0.0009416316622481435
2024-11-18,0.003917814394541086,0.005667407420729242
2024-11-19,0.003963584828470035,-0.0012701225673696914
2024-11-20,2.195086225209586e-05,-0.001716249209007259
2024-11-21,0.0053404615405816536,0.00794049625308424
2024-11-22,0.003467959094991535,0.013841656018424686
2024-11-25,0.003020480305938378,0.003582695360379473
2024-11-26,0.005722005647630368,-0.003992014322492299
2024-11-27,-0.003801238017440034,0.0019616152954200494
2024-12-02,0.0024484564662998753,0.003089134765345447
2024-12-03,0.0004514491145146682,0.005593715528269927
2024-12-04,0.006051417924264779,-0.0028232390882925174
2024-12-05,-0.0018697756269248078,0.0016315874008696607
2024-12-06,0.0024954538421815275,-0.004886672017287874
2024-12-09,-0.006144213927296471,0.005235539326135852
2024-12-10,-0.002963883313944371,-0.00858457419132308
2024-12-11,0.008165786048233592,0.002560168319155398
2024-12-12,-0.005414022527810203,0.0012287023938111208
2024-12-13,-2.6466639124200775e-05,-0.0013835751907204097
2024-12-16,0.0037993543260221863,-0.004602266931482024
2024-12-17,-0.003863994965801476,-0.008097144457879568
2024-12-18,-0.02949284635160343,0.00047581681588826363
2024-12-19,-0.0008651123249070469,-0.011440256754564615
2024-12-20,0.010869123768910471,-0.0025538484115391613
2024-12-23,0.007287273468533639,0.0022388364838845654
2024-12-24,0.01104275925539211,0.004233132642294191
2024-12-30,-0.010701995701766776,-0.0035338051703963647
2024-12-31,-0.004284800394927402,0.006403152321142747
2025-01-02,-0.0022238866412221947,0.01065699368346995
2025-01-03,0.01259602672149196,-0.004370360054015365
2025-01-06,0.005538045085450305,0.003125023749088074
2025-01-07,-0.01110391288210788,-0.0005334000655563553
2025-01-08,0.001560360190925314,0.0006913266282033703
2025-01-13,0.0015754440882007614,-0.0029459665014851533
2025-01-14,0.0011462798112440442,-0.0027601705665479814
2025-01-15,0.018312792279639112,0.012144072349570267
2025-01-16,-0.0021126894641922966,0.010938404009446234
2025-01-17,0.009991058969353706,0.013501090267238336
2025-01-22,0.006137941522227575,-0.0003743662933703984
2025-01-23,0.00531348622041139,0.00235229392942915
2025-01-24,-0.002855132319398823,-0.007331971612510424
2025-01-27,-0.014580715690809543,0.00015287502679051101
2025-01-28,0.009217869449967608,0.0035514181613724993
2025-01-29,-0.004678895760321544,0.002800526484789456
2025-01-30,0.005275414405311762,0.010411623077311916
2025-01-31,-0.005046825754019935,0.0031340258532850385
2025-02-03,-0.007608597684666707,-0.010421995691145991
2025-02-04,0.007224881828679752,-0.0014911931206017526
2025-02-05,0.003908672930614365,0.0061254493391955656
2025-02-06,0.003644298722618622,0.01206034839974679
2025-02-07,-0.009464770111542897,-0.003070801426244718
2025-02-10,0.006712541085862833,0.007735165184472148
2025-02-11,0.00033958278885926063,0.0010949823389405644
2025-02-12,-0.0027238667143857365,0.0034178684650232327
2025-02-13,0.010426292122230674,-0.00484821779624689
2025-02-14,-7.194380749464546e-05,-0.0036738501711355287
2025-02-19,0.0023769693899173827,-0.0061825081393203085
2025-02-20,-0.0043341850761716705,-0.005681492109038788
2025-02-21,-0.01706412670256352,-0.0004155153382200405
2025-02-24,-0.00496910650440241,-4.623768470546352e-05
2025-02-25,-0.004679730915472358,0.0011202442906224075
2025-02-26,0.00013602428004699796,0.007244431491754577
2025-02-27,-0.015864553655509872,0.002828860483593987
2025-02-28,0.01585414463498891,0.006109956237483116
2025-03-03,-0.0175967394669998,0.00699224809123189
2025-03-04,-0.012234826602200433,-0.01265877686020278
2025-03-05,0.011159277893187936,-0.00036536080745519506
2025-03-06,-0.017819007085749905,-0.008337330869638948
2025-03-07,0.00552061780274804,-0.0003339261675634475
2025-03-10,-0.0269730913054258,-0.009182155523188129
2025-03-11,-0.007567865323653167,-0.012116019737458461
2025-03-12,0.004886869929446425,0.005296610169491567
2025-03-13,-0.013890984206835322,0.00018728595890404875
2025-03-14,0.021265869083087807,0.010500339406526615
2025-03-17,0.006416130719105961,0.005560511229456555
2025-03-18,-0.010653512117636543,0.002868609516407883
2025-03-19,0.010798495567894584,0.00017231079887247702
2025-03-20,-0.0021848931523151816,-0.0005398365864291987
2025-03-21,0.0008246534476661349,-0.006343391784934482
2025-03-24,0.017646000146633645,-0.0010176949722751072
2025-03-25,0.0015743334544251475,0.0029867798897313946
2025-03-26,-0.011156934922627149,0.0029778856009046173
2025-03-27,-0.003306980860763864,-0.0027043823716165205
2025-03-28,-0.01973722070834405,-0.0008307334411679079
2025-03-31,0.005538521570653376,-0.008788712481309302
2025-04-01,0.0037812354559083605,0.006058629023550033
2025-04-02,0.006728194715792668,-0.0030457920603118582
2025-04-03,-0.04839563335990149,-0.015542754799035885
2025-04-04,-0.05974960534553109,-0.049523898856580595
2025-04-07,-0.0023314724921273955,-0.04381128520716948
2025-04-08,-0.015700524562941354,0.027057542709314486
2025-04-09,0.09515387644904849,-0.029201693951077634
2025-04-10,-0.03460757958472693,0.030444664976561064
2025-04-11,0.018092095201708958,0.006432258587605766
2025-04-14,0.007944712390868913,0.02135802782495544
2025-04-15,-0.0017277808903947145,0.014113053052377644
2025-04-16,-0.0224083715440897,0.003212471815697615
2025-04-17,0.0013268380955802073,1.2154519581475398e-05
2025-04-23,0.01666113847096007,0.008957158398336995
2025-04-24,0.020259113708281262,0.0004998328273606578
2025-04-25,0.007373133469998461,0.0009395786682537821
2025-04-28,0.0006407067039131409,0.00023766235861089058
2025-04-29,0.005802410694099036,0.0054887192311685595
2025-04-30,0.00147999135976562,0.003710095188161011
2025-05-01,0.006299102138585644,0.00022359462444043743
2025-05-02,0.01472657412963474,0.011722129298910033
2025-05-07,0.00434635623313584,-0.004431640287341554
2025-05-08,0.005799775094835535,-0.003236268847287005
2025-05-09,-0.0007114809122162891,0.002719325375631465
2025-05-12,0.032558782749008364,0.005868073649718086
2025-05-13,0.0072482009835321826,-0.00024399876525271758
2025-05-14,0.001024415597859818,-0.0020807390312814755
2025-05-15,0.004132332074135769,0.005684310388759384
2025-05-16,0.007005272294898557,0.005883829349381031
2025-05-19,0.0008761131291423752,0.0016926739255349599
2025-05-20,-0.0038802294486252054,0.00940303317784541
2025-05-21,-0.01613513066101424,0.0006150016359265376
2025-05-22,-0.00044487103794299543,-0.005371899540488223
2025-05-23,-0.006708297825321674,-0.002437243848308679
2025-05-27,0.0204590558452733,0.006893738171025454
2025-05-28,-0.005571225417268844,-0.005935180926787131
2025-05-29,0.004011194261904327,-0.00108870043548015
2025-05-30,-8.118516130162234e-05,0.006413169348362224
2025-06-02,0.0041020419271569075,0.00021652158792595522
2025-06-03,0.005800290454605506,0.0014474312019421287
2025-06-04,7.36874595066439e-05,0.0016273818922840633
2025-06-05,-0.005277383403094138,0.0011021321313624544
2025-06-06,0.010280683010067904,0.0030530462631936928
2025-06-09,0.0009199480792858594,-0.0006337009572364716
2025-06-10,0.00548298940767844,0.0023549704094578683
2025-06-11,-0.002743888954607865,0.0012764773637057303
2025-06-12,0.0038224199557175265,0.0023126211696935517
2025-06-13,-0.011296379879250695,-0.0038605701518267255
2025-06-16,0.009392659896159117,0.0027795389039451113
2025-06-17,-0.008352184790166306,-0.004642170813708546
2025-06-18,-0.0003092402101070313,0.0010753905365632477
2025-06-23,0.009606504133156335,-0.0019032211859980608
2025-06-24,0.01112172017970181,0.00011418131993612413
2025-06-25,-3.2861029504172024e-06,-0.004589587317330723
2025-06-26,0.008020121275230219,0.0019268483121344104
2025-06-27,0.005218970885222163,0.00724630066401688
2025-06-30,0.005164427424532603,-0.004307400804921202
2025-07-01,-0.001118531087121899,0.002773633681942611
2025-07-02,0.004745096791088033,-0.0012065165231293085
2025-07-03,0.008338955206607324,0.0055272543700022325
2025-07-08,-0.0007158868810946961,0.0054164759339692115
2025-07-09,0.0060621034026635545,0.0014456195257790405
2025-07-10,0.0027462050044453346,0.012258959660820912
2025-07-11,-0.0032975229626984737,-0.0038549177428597314
2025-07-14,0.001407413809457303,0.006375054802010505
2025-07-15,-0.003956298214731202,-0.006645826039222258
2025-07-16,0.003193657417327689,-0.001308995622004594
2025-07-17,0.00537376740890938,0.005153138038328731
2025-07-18,-9.048620868445933e-05,0.002173283200960663
2025-07-21,0.001399134882868358,0.0023243059499928886
2025-07-22,0.0006375316336257875,0.0011982474966714118
2025-07-23,0.007811886951519131,0.004177862555518663
2025-07-24,0.0006982236416543941,0.008486496785852227
2025-07-25,0.00397432777929585,-0.001980717101875862
2025-07-28,0.00017685810881817865,-0.004265146420132759
2025-07-29,-0.002959442388724254,0.006045258627642269
2025-07-30,-0.0012494327466496813,6.573623352323921e-05
2025-07-31,-0.0036948193411530106,-0.0004487939850703615
2025-08-01,-0.015992133140148468,-0.007029629104488677
2025-08-04,0.01473710033091602,0.006583176883317554
2025-08-05,-0.004857865996303334,0.00157755452089825
2025-08-06,0.007281907295092482,0.0023624978303535826
2025-08-07,-0.0007974800154801898,-0.006929061832691263
2025-08-08,0.007799715348974834,-0.0005603473853335039
2025-08-11,-0.0025041278217863283,0.0037380299778924098
2025-08-12,0.01134543584661274,0.0019824976710947073
2025-08-13,0.0032300788824048965,0.0019021394211189424
2025-08-14,0.00030309080129242716,0.0013093003692530303
2025-08-15,-0.0028971350972291088,-0.004173364846836725
2025-08-18,-0.00010076318078544588,0.002057118896578114
2025-08-19,-0.005858103118756786,0.003439728242700557
2025-08-20,-0.0024316693228262354,0.010762570404435179
2025-08-21,-0.004004181529308926,0.0022717872142759
2025-08-22,0.015186444876893468,0.0013105524703016513
2025-08-27,0.0023909843081744153,-0.0011115936999080978
2025-08-28,0.0031567194195349924,-0.004181318709145954
2025-08-29,-0.00639818429357164,-0.003200677092389137
2025-09-03,0.0051000736279842585,0.006723902659321768
2025-09-04,0.008346486409699372,0.004238438725757243
2025-09-05,-0.003165152978388819,-0.0009439393878389879
2025-09-08,0.0021059789159529885,0.0014335260998366017
2025-09-09,0.0026881536531127015,0.002288113353851484
2025-09-10,0.002983469943562689,-0.001850106505274507
2025-09-11,0.008485890387959882,0.007826133901285282
2025-09-12,-0.00048276131466740146,-0.0015380103777625775
2025-09-15,0.004706619226962694,-0.0006786169594910074
2025-09-16,-0.0012879303382402618,-0.008763587871887468
2025-09-17,-0.0009701681605103207,0.0013811014977385128
2025-09-18,0.004789119185128365,0.0021392660955594778
2025-09-19,0.004885418870829605,-0.0012352937814974485
2025-09-22,0.004410046474333074,0.0010849870114129079
2025-09-23,-0.005502159197012135,-0.0003685381071260041
2025-09-24,-0.002846617843333288,0.002938274425789311
2025-09-25,-0.0050090613431266195,-0.003935007036224181
2025-09-26,0.005901836747171263,0.007683937995170309
2025-09-29,0.00263554421636214,0.0016155437182854282
2025-09-30,0.0040908483833717035,0.005441040344975612
2025-10-01,0.003399920834961989,0.010266940022830795
2025-10-02,0.0006183547238911569,-0.001979610702406709
2025-10-03,6.551280273581206e-05,0.006746036473096906
2025-10-06,0.0036465919796933033,-0.0012854082753211982
2025-10-07,-0.0038114057910215715,0.00047472863303910096
2025-10-08,0.0058276636405680815,0.006885653542927583
2025-10-09,-0.002755570407195318,-0.0041366019524908815
2025-10-10,-0.02711167321141361,-0.008612571483028852
2025-10-13,0.015598671787557583,0.0016335603951207478
2025-10-14,-0.0015643266604626893,0.0010483446454998546
2025-10-15,0.004026001159503689,-0.0029620853692591265
2025-10-16,-0.006294387099829435,0.001198943735853053
2025-10-17,0.0052707155502571545,-0.008637043203637673
2025-10-20,0.010672270853256949,0.005238064914172558
2025-10-21,3.2696450934288634e-05,0.0024884503378548306
2025-10-22,-0.005337539220865439,0.009334889148191472
2025-10-23,0.0058273934429324825,0.006684141815554323
2025-10-24,0.00790242258787388,0.006994759435859921
2025-10-27,0.012290050865671143,0.0008501488393246603
2025-10-28,0.0022879438603986557,0.00444388649992189
2025-10-29,-4.3578255173426506e-05,0.006125734823813067
2025-10-30,-0.00990481243951924,0.00040999991391599266
2025-10-31,0.0026179217059763005,-0.004385181135486471
2025-11-03,0.0017207127269924793,-0.001636196719466243
2025-11-04,-0.011736830084583816,0.0014018192041782562
2025-11-05,0.0036535556982648654,0.006392136837364948
2025-11-06,-0.011178189042419073,-0.00422413663944865
2025-11-07,0.0012618418007710464,-0.005464388789802932
2025-11-10,0.01540101862170995,0.010802944473323306
2025-11-11,0.002075350517340535,0.011484327674867956
2025-11-12,0.0006295171887717999,0.0011920463165828732
2025-11-13,-0.01655685496159698,-0.010462718811217409
2025-11-14,-0.0005017255648851471,-0.011144284848729202
2025-11-17,-0.00916226617680782,-0.002371525104514438
2025-11-18,-0.008256436690967983,-0.012723048242714419
2025-11-19,0.0037538357962292324,-0.00470037739398288
2025-11-20,-0.015567283563270418,0.002135158282333016
2025-11-21,0.009823035415319481,0.0012594854743543937
2025-11-24,0.015467217001293498,-0.0005031399927912794
2025-11-25,0.009061696817220577,0.007823847792720384
2025-11-26,0.006906711511012631,0.008543588050887063
2025-12-01,-0.005323329342915684,-0.0018517565968828587
2025-12-02,0.002457235261999813,-7.216648415353522e-05
2025-12-03,0.0029797912994984355,-0.0009998346191202323
2025-12-04,0.0010803218396737702,0.0019398047902658977
2025-12-05,0.001936641757662061,-0.0045207332851835424
2025-12-08,-0.003477255626794018,-0.0022654795308783005
2025-12-09,-0.0008763589340257116,-0.00032136623783407536
2025-12-10,0.00674955693920154,0.001400124455507079
2025-12-11,0.002079350841514227,0.004940209757392067
2025-12-12,-0.010663649289958,-0.0055858061486440125
2025-12-15,-0.0015965630269072495,0.010602114694527875
2025-12-16,-0.0023839179519623555,-0.006819603676633257
2025-12-17,-0.011592143912241393,0.009241285499436147
2025-12-18,0.007934262269941872,0.006496629044419944
2025-12-19,0.008818059450332205,0.006058324739348864
2025-12-22,0.006436496360377575,-0.0031725897089849298
2025-12-23,0.004550388765703239,0.0023515300337015876
2025-12-24,0.0032214822012188726,-0.0018707276255535144
2025-12-30,-0.0013756671519022934,0.0075204170995286646
2025-12-31,-0.007357666300846111,-0.0009355281323024656
2026-01-02,0.0018947067188299638,0.001983528805121537
2026-01-05,0.006354126864826393,0.005376290269428763
2026-01-06,0.006196712678341321,0.011804628925562666
2026-01-07,-0.003439923431013958,-0.007359696381653014
2026-01-08,7.65482590914246e-05,-0.0003483210855644847
2026-01-09,0.006475487031883276,0.007954385149273602
2026-01-12,0.001577633215136931,0.001590244212975156
2026-01-13,-0.0019391230550597216,-0.0003254020554739334
2026-01-14,-0.005333360445499591,0.004636297096784814
2026-01-15,0.0025799262171273263,0.005351321423907152
2026-01-16,-0.0006423023039563436,-0.00035165748275045594
2026-01-21,0.011587741323274559,0.0011158317440294052
2026-01-22,0.005487502192628835,0.0011836537874321262
2026-01-23,0.0003268698377891788,-0.0006600150745134092
2026-01-26,0.005006083031276365,0.0005422244797792519
2026-01-27,0.004081896177137168,0.005803526667471193
2026-01-28,-8.172305219089626e-05,-0.005231236415704221
2026-01-29,-0.001292631274007694,0.0017134851289264397
2026-01-30,-0.004301899620894223,0.005082698864037338
2026-02-02,0.00539126612916796,0.011551778683914549
2026-02-03,-0.008403983020698336,-0.002610814672763362
2026-02-04,-0.005072391906223106,0.008502530261357721
2026-02-05,-0.012251015567674717,-0.0089499063786882
2026-02-06,0.0196957966973359,0.005878206672381259
2026-02-09,0.004691086716887227,0.001581553254054846
2026-02-10,-0.003303712975458173,-0.0031195615350860795
2026-02-11,-4.895607156218951e-05,0.011425738078685077
2026-02-12,-0.01566101212770199,-0.006655706243244963
2026-02-13,0.0004990891480125548,0.004229792965828816
2026-02-18,0.005566070147410729,0.012315037380375538
2026-02-19,-0.0028221256867719813,-0.00553987331609862
2026-02-20,0.006939724763506794,0.005636622812176473
2026-02-23,-0.010385652247284827,-0.00020587777859615297
2026-02-24,0.0076516140863223114,-0.0003837810947001641
2026-02-25,0.008136355657339944,0.011778438088773324
2026-02-26,-0.005365580569328343,0.0037292533342057066
2026-02-27,-0.00433935281103115,0.00589113858702528
2026-03-02,0.0003983547353176853,-0.011960845844610324
2026-03-03,-0.009444031095625416,-0.02745800231220319
2026-03-04,0.007756049264286302,0.007974035830672799
2026-03-05,-0.005646704863891072,-0.014553763055818014
2026-03-06,-0.013276795812569242,-0.012396948414613362
2026-03-09,0.008304161513105202,-0.0034322306080679654
2026-03-10,-0.0021351198877325173,0.015873964126298823
2026-03-11,-0.0008376012017449197,-0.005608842466483854
2026-03-12,-0.015227676506708532,-0.004693891159938901
2026-03-13,-0.006059115470564369,-0.004269689008081001
2026-03-16,0.010130883162251969,0.005506178509781856
2026-03-17,0.0024942548757938,0.008325441952803159
2026-03-18,-0.013607567880073446,-0.009448633970776665
2026-03-19,-0.002748797741878972,-0.023463636116390685
2026-03-20,-0.015138182356779217,-0.014428399196353192
2026-03-23,0.011453200463990454,-0.0024298125535194837
2026-03-24,-0.0037425745042546366,0.00717592110513765
2026-03-25,0.005419124381509377,0.014209409404700724
2026-03-26,-0.017406172392416708,-0.013317727864024076
2026-03-27,-0.01672184352107431,-0.0004813185248483398
2026-03-30,-0.003945748828622642,0.016112487015777388
2026-03-31,0.02913114047102594,0.004788704581358605
2026-04-01,0.007168516684867399,0.0185033955375129
2026-04-02,0.0011208758485563575,0.006898348385625752
2026-04-08,0.025081414644149813,0.025133405887288296
2026-04-09,0.006170023529293189,-0.0005090433905640124
2026-04-10,-0.0011385210916523558,-0.00028292544914410023
2026-04-13,0.010173274948748201,-0.0016508655252110982
2026-04-14,0.011782866364792755,0.0024661824978740032
2026-04-15,0.007975783355387733,-0.004665805942311807
2026-04-16,0.0026099558353673835,0.0028789340268176034
2026-04-17,0.012040463669150903,0.007327630724740297
2026-04-20,-0.002374372617670484,-0.005483895359982283
2026-04-21,-0.006348217959672997,-0.010462716355487123
2026-04-22,0.010460084168953943,-0.002057478036854521
2026-04-23,-0.004132868267081369,-0.001861308643153703
2026-04-24,0.007973689797975636,-0.00744959267715406
2026-04-27,0.0012323767534654362,-0.0055881533257096105
2026-04-28,-0.004894172187521972,0.0011336190672814883
2026-04-29,-0.0003991720531409948,-0.011584487996970316
2026-04-30,0.010238239941821936,0.016224280742390684
2026-05-01,0.002928328889657106,-0.001435562333110152
2026-05-06,0.014588330317794274,0.021489230395213887
2026-05-07,-0.003803095327784889,-0.015490453053255804
2026-05-08,0.008425703533400997,-0.00427171262284709
2026-05-11,0.0018799566475542484,0.0035473886344996597
2026-05-12,-0.0016026088601545085,-0.00039930139847732526
2026-05-13,0.005849246488426552,0.005854732650872663
2026-05-14,0.007655604577358366,0.004600305867376031
2026-05-15,-0.012363320128051747,-0.017111896703493223
2026-05-18,-0.0007356678561787344,0.012593856949508986
2026-05-19,-0.006678320788135905,0.0006586532881442952
2026-05-20,0.010792026370445518,0.009844558801815007
2026-05-21,0.0017153304306989359,0.0010736074999941891
2026-05-22,0.0037269732409066503,0.0021831574364437056
2026-05-26,0.006108260424063872,0.0023982292124153926
2026-05-27,0.00016487914469087706,0.0012962625453845078
2026-05-28,0.005753716619668614,-0.007520228462636891
2026-05-29,0.002172260678511728,-0.001601783551937519
2026-06-01,0.0026252961308912415,-0.006753557492487849
2026-06-02,0.0012920889411551784,0.003336879775606816
2026-06-03,-0.007372041104846239,-0.003971677381067185
2026-06-04,0.004054961568363158,0.002709948465422718
2026-06-05,-0.026445361894386843,0.0007528551137072625
2026-06-08,0.0029781310549599205,0.0004919499358289059
2026-06-09,-0.0025763939780845124,-0.014065128203245347
2026-06-10,-0.016199450298948426,0.0026888817698875744
2026-06-11,0.017518885564244746,0.004788058945339513
2026-06-12,0.0050255138730570525,0.016285076361973738
2026-06-15,0.016528391294663436,-0.00392492003885847
2026-06-16,-0.005684179609759754,0.0060975004620382744
2026-06-17,-0.012148282108228825,0.0013721306811862455
2026-06-18,0.010846212235623431,-0.010362885456721371
2026-06-23,-0.014362785193208105,-0.0008622423728131823
2026-06-24,-0.0009829319733113406,0.003135442618609652
2026-06-25,-9.92061187945481e-05,0.006528712988479679
2026-06-26,-0.00047165741757115853,-0.002079828850470311
2026-06-29,0.011750057250389023,-0.0022649224103064025
2026-06-30,0.007920198981480553,0.0012303670115214604
